Chr,Start,End,Ref,Alt,Func.refgene,Gene.refgene,GeneDetail.refgene,ExonicFunc.refgene,AAChange.refgene,1000G_ALL,1000G_AFR,1000G_AMR,1000G_EAS,1000G_EUR,1000G_SAS,ExAC_Freq,ExAC_AFR,ExAC_AMR,ExAC_EAS,ExAC_FIN,ExAC_NFE,ExAC_OTH,ExAC_SAS,ESP6500si_ALL,ESP6500si_AA,ESP6500si_EA,CG46,NCI60,dbSNP,COSMIC_ID,COSMIC_DIS,ClinVar_SIG,ClinVar_DIS,ClinVar_ID,ClinVar_DB,ClinVar_DBID,GWAS_DIS,GWAS_OR,GWAS_BETA,GWAS_PUBMED,GWAS_SNP,GWAS_P,SIFT_score,SIFT_converted_rankscore,SIFT_pred,Polyphen2_HDIV_score,Polyphen2_HDIV_rankscore,Polyphen2_HDIV_pred,Polyphen2_HVAR_score,Polyphen2_HVAR_rankscore,Polyphen2_HVAR_pred,LRT_score,LRT_converted_rankscore,LRT_pred,MutationTaster_score,MutationTaster_converted_rankscore,MutationTaster_pred,MutationAssessor_score,MutationAssessor_score_rankscore,MutationAssessor_pred,FATHMM_score,FATHMM_converted_rankscore,FATHMM_pred,PROVEAN_score,PROVEAN_converted_rankscore,PROVEAN_pred,VEST3_score,VEST3_rankscore,MetaSVM_score,MetaSVM_rankscore,MetaSVM_pred,MetaLR_score,MetaLR_rankscore,MetaLR_pred,M-CAP_score,M-CAP_rankscore,M-CAP_pred,CADD_raw,CADD_raw_rankscore,CADD_phred,DANN_score,DANN_rankscore,fathmm-MKL_coding_score,fathmm-MKL_coding_rankscore,fathmm-MKL_coding_pred,Eigen_coding_or_noncoding,Eigen-raw,Eigen-PC-raw,GenoCanyon_score,GenoCanyon_score_rankscore,integrated_fitCons_score,integrated_fitCons_score_rankscore,integrated_confidence_value,GERP++_RS,GERP++_RS_rankscore,phyloP100way_vertebrate,phyloP100way_vertebrate_rankscore,phyloP20way_mammalian,phyloP20way_mammalian_rankscore,phastCons100way_vertebrate,phastCons100way_vertebrate_rankscore,phastCons20way_mammalian,phastCons20way_mammalian_rankscore,SiPhy_29way_logOdds,SiPhy_29way_logOdds_rankscore,Interpro_domain,GTEx_V6_gene,GTEx_V6_tissue,gnomAD_exome_ALL,gnomAD_exome_AFR,gnomAD_exome_AMR,gnomAD_exome_ASJ,gnomAD_exome_EAS,gnomAD_exome_FIN,gnomAD_exome_NFE,gnomAD_exome_OTH,gnomAD_exome_SAS,gnomAD_genome_ALL,gnomAD_genome_AFR,gnomAD_genome_AMR,gnomAD_genome_ASJ,gnomAD_genome_EAS,gnomAD_genome_FIN,gnomAD_genome_NFE,gnomAD_genome_OTH,Otherinfo,Otherinfo,Otherinfo,Otherinfo,Otherinfo,Otherinfo,Otherinfo,Otherinfo,Otherinfo,Otherinfo,Otherinfo,Otherinfo,Otherinfo,Cancer Type
chr12,50040787,50040787,T,G,exonic,"FMNL3",,synonymous SNV,"FMNL3:NM_198900:exon24:c.A2724C:p.P908P,FMNL3:NM_175736:exon25:c.A2877C:p.P959P",,,,,,,,,,,,,,,,,,,,,,,,,,,,,,,,,,,,,,,,,,,,,,,,,,,,,,,,,,,,,,,,,,,,,,,,,,,,,,,,,,,,,,,,,,,,,,,,,,,,,,,,,,,,,,,,,,,,,1,10.4,1,chr12,50040787,.,T,G,10.4,.,"DP=1;AF1=1;AC1=2;DP4=0,0,1,0;MQ=40;FQ=-30",GT:PL:GQ,"1/1:40,3,0:5",Lung
chr13,42877633,42877633,G,A,exonic,"AKAP11",,nonsynonymous SNV,AKAP11:NM_016248:exon8:c.G4751A:p.G1584D,.,.,.,.,.,.,.,.,.,.,.,.,.,.,.,.,.,.,.,.,.,.,.,.,.,.,.,.,.,.,.,.,.,0.048,0.4,D,0.649,0.387,P,0.295,0.391,B,0.072,0.214,N,1,0.09,N,1.59,0.404,L,0.83,0.478,T,-0.22,0.105,N,0.141,0.165,-1.021,0.235,T,0.102,0.378,T,0.01,0.261,T,0.497,0.142,7.41,0.99,0.507,0.088,0.145,N,c,-0.397,-0.474,1,0.747,0.707,0.73,0,3.67,0.411,0.892,0.278,0.091,0.195,0.001,0.137,0.856,0.357,5.517,0.161,.,.,.,.,.,.,.,.,.,.,.,.,.,.,.,.,.,.,.,.,1,12.3,1,chr13,42877633,.,G,A,12.3,.,"DP=1;AF1=1;AC1=2;DP4=0,0,1,0;MQ=42;FQ=-30",GT:PL:GQ,"1/1:42,3,0:5",Lung
chr13,42877635,42877635,C,G,exonic,"AKAP11",,nonsynonymous SNV,AKAP11:NM_016248:exon8:c.C4753G:p.Q1585E,.,.,.,.,.,.,.,.,.,.,.,.,.,.,.,.,.,.,.,.,.,.,.,.,.,.,.,.,.,.,.,.,.,1,0.01,T,0.001,0.067,B,0.003,0.08,B,0.154,0.179,N,1,0.09,N,1.935,0.52,L,0.95,0.433,T,-0.3,0.119,N,0.15,0.178,-1.008,0.274,T,0.05,0.211,T,0.005,0.118,T,-1.878,0.01,0.002,0.123,0.002,0.222,0.214,N,c,-0.945,-0.878,1,0.5,0.707,0.73,0,2.51,0.293,2.235,0.424,-0.031,0.126,0.012,0.185,0.881,0.369,8.696,0.333,.,.,.,.,.,.,.,.,.,.,.,.,.,.,.,.,.,.,.,.,1,12.3,1,chr13,42877635,.,C,G,12.3,.,"DP=1;AF1=1;AC1=2;DP4=0,0,1,0;MQ=42;FQ=-30",GT:PL:GQ,"1/1:42,3,0:5",Lung
chr1,109466569,109466569,G,A,intronic,"GPSM2",,,,,,,,,,,,,,,,,,,,,,,,,,,,,,,,,,,,,,,,,,,,,,,,,,,,,,,,,,,,,,,,,,,,,,,,,,,,,,,,,,,,,,,,,,,,,,,,,,,,,,,,,,,,,,,,,,,,,,,,1,12.3,1,chr1,109466569,.,G,A,12.3,.,"DP=1;AF1=1;AC1=2;DP4=0,0,1,0;MQ=42;FQ=-30",GT:PL:GQ,"1/1:42,3,0:5",Lung
chr1,114449662,114449662,T,C,exonic,"DCLRE1B",,synonymous SNV,DCLRE1B:NM_022836:exon2:c.T234C:p.H78H,0.24,0.015,0.38,0.59,0.19,0.15,0.2117,0.0386,0.4491,0.5922,0.1902,0.1691,0.1509,0.1394,0.13,0.042,0.17,0.18,0.25,rs3761936,COSM3750241,1(large_intestine),.,.,.,.,.,.,.,.,.,.,.,.,.,.,.,.,.,.,.,.,.,.,.,.,.,.,.,.,.,.,.,.,.,.,.,.,.,.,.,.,.,.,.,.,.,.,.,.,.,.,.,.,.,.,.,.,.,.,.,.,.,.,.,.,.,.,.,.,.,.,.,.,.,.,.,.,.,0.2232,0.0352,0.4369,0.1262,0.592,0.1826,0.1693,0.1926,0.1385,0.1661,0.0398,0.3621,0.0933,0.6344,0.1835,0.1747,0.183,1,12.3,1,chr1,114449662,.,T,C,12.3,.,"DP=1;AF1=1;AC1=2;DP4=0,0,1,0;MQ=42;FQ=-30",GT:PL:GQ,"1/1:42,3,0:5",Lung
chr1,185856485,185856485,T,A,intronic,"HMCN1",,,,,,,,,,,,,,,,,,,,,,,,,,,,,,,,,,,,,,,,,,,,,,,,,,,,,,,,,,,,,,,,,,,,,,,,,,,,,,,,,,,,,,,,,,,,,,,,,,,,,,,,,,,,,,,,,,,,,,,,1,12.3,1,chr1,185856485,.,T,A,12.3,.,"DP=1;AF1=1;AC1=2;DP4=0,0,0,1;MQ=42;FQ=-30",GT:PL:GQ,"1/1:42,3,0:5",Lung
chr1,185856492,185856492,G,A,intronic,"HMCN1",,,,,,,,,,,,,,,,,,,,,,,,,,,,,,,,,,,,,,,,,,,,,,,,,,,,,,,,,,,,,,,,,,,,,,,,,,,,,,,,,,,,,,,,,,,,,,,,,,,,,,,,,,,,,,,,,,,,,,,,1,12.3,1,chr1,185856492,.,G,A,12.3,.,"DP=1;AF1=1;AC1=2;DP4=0,0,0,1;MQ=42;FQ=-30",GT:PL:GQ,"1/1:42,3,0:5",Lung
chr1,185856505,185856505,C,T,intronic,"HMCN1",,,,.,.,.,.,.,.,.,.,.,.,.,.,.,.,.,.,.,.,.,.,.,.,.,.,.,.,.,.,.,.,.,.,.,.,.,.,.,.,.,.,.,.,.,.,.,.,.,.,.,.,.,.,.,.,.,.,.,.,.,.,.,.,.,.,.,.,.,.,.,.,.,.,.,.,.,.,.,.,.,.,.,.,.,.,.,.,.,.,.,.,.,.,.,.,.,.,.,.,.,.,.,.,.,.,.,.,.,.,6.55E-05,0,0,0,0,0,0.0001,0,1,12.3,1,chr1,185856505,.,C,T,12.3,.,"DP=1;AF1=1;AC1=2;DP4=0,0,0,1;MQ=42;FQ=-30",GT:PL:GQ,"1/1:42,3,0:5",Lung
chr1,185856528,185856528,T,C,intronic,"HMCN1",,,,,,,,,,,,,,,,,,,,,,,,,,,,,,,,,,,,,,,,,,,,,,,,,,,,,,,,,,,,,,,,,,,,,,,,,,,,,,,,,,,,,,,,,,,,,,,,,,,,,,,,,,,,,,,,,,,,,,,,1,12.3,1,chr1,185856528,.,T,C,12.3,.,"DP=1;AF1=1;AC1=2;DP4=0,0,0,1;MQ=42;FQ=-30",GT:PL:GQ,"1/1:42,3,0:5",Lung
chr1,185856595,185856595,G,C,intronic,"HMCN1",,,,,,,,,,,,,,,,,,,,,,,,,,,,,,,,,,,,,,,,,,,,,,,,,,,,,,,,,,,,,,,,,,,,,,,,,,,,,,,,,,,,,,,,,,,,,,,,,,,,,,,,,,,,,,,,,,,,,,,,1,12.3,1,chr1,185856595,.,G,C,12.3,.,"DP=1;AF1=1;AC1=2;DP4=0,0,0,1;MQ=42;FQ=-30",GT:PL:GQ,"1/1:42,3,0:5",Lung
chr2,102954901,102954901,-,TA,intronic,"IL1RL1",,,,,,,,,,,,,,,,,,,,,,,,,,,,,,,,,,,,,,,,,,,,,,,,,,,,,,,,,,,,,,,,,,,,,,,,,,,,,,,,,,,,,,,,,,,,,,,,,,,,,,,,,,,,,,,,,,,,,,,,0.5,4.42,1,chr2,102954901,.,A,ATA,4.42,.,"INDEL;IS=1,1.000000;DP=1;AF1=1;AC1=2;DP4=0,0,0,1;MQ=42;FQ=-37.5",GT:PL:GQ,"0/1:40,3,0:3",Lung
chr7,31682453,31682453,C,T,exonic,"CCDC129",,nonsynonymous SNV,"CCDC129:NM_194300:exon10:c.C1469T:p.A490V,CCDC129:NM_001257968:exon11:c.C1547T:p.A516V,CCDC129:NM_001257967:exon12:c.C1499T:p.A500V",0.73,0.57,0.78,0.81,0.75,0.81,0.7685,0.5894,0.8349,0.8368,0.6869,0.7764,0.7406,0.8018,0.71,0.59,0.78,0.73,.,rs4141001,COSM3762637;COSM3762636;COSM5021540,1(bone);1(large_intestine),.,.,.,.,.,.,.,.,.,.,.,0.199,0.204,T,0.848,0.449,P,0.129,0.312,B,0.381,0.134,N,1,0.09,P,0.69,0.17,N,2.26,0.176,T,-0.84,0.229,N,0.079,0.071,-0.98,0.35,T,0,0,T,.,.,.,1.229,0.213,11.9,0.436,0.033,0.214,0.212,N,c,-0.759,-0.69,0.215,0.183,0.487,0.133,0,2.49,0.291,1.379,0.337,0.067,0.174,0.923,0.318,0.006,0.095,6.355,0.205,.,.,.,0.7731,0.5815,0.8316,0.8213,0.8312,0.6892,0.7769,0.7752,0.803,0.717,0.5803,0.8234,0.8046,0.8228,0.7035,0.7788,0.7413,1,12.3,1,chr7,31682453,.,C,T,12.3,.,"DP=1;AF1=1;AC1=2;DP4=0,0,1,0;MQ=42;FQ=-30",GT:PL:GQ,"1/1:42,3,0:5",Lung
chr7,77402321,77402321,T,C,intronic,"RSBN1L",,,,,,,,,,,,,,,,,,,,,,,,,,,,,,,,,,,,,,,,,,,,,,,,,,,,,,,,,,,,,,,,,,,,,,,,,,,,,,,,,,,,,,,,,,,,,,,,,,,,,,,,,,,,,,,,,,,,,,,,0.5,4.13,1,chr7,77402321,.,T,C,4.13,.,"DP=1;AF1=1;AC1=2;DP4=0,0,1,0;MQ=42;FQ=-30",GT:PL:GQ,"0/1:32,3,0:3",Lung
chr8,22989954,22989954,G,A,intergenic,"TNFRSF10C,TNFRSF10D",dist=15004;dist=3147,,,0.23,0.12,0.19,0.4,0.18,0.29,.,.,.,.,.,.,.,.,.,.,.,0.17,.,rs4872058,.,.,.,.,.,.,.,.,.,.,.,.,.,.,.,.,.,.,.,.,.,.,.,.,.,.,.,.,.,.,.,.,.,.,.,.,.,.,.,.,.,.,.,.,.,.,.,.,.,.,.,.,.,.,.,.,.,.,.,.,.,.,.,.,.,.,.,.,.,.,.,.,.,.,.,.,.,.,.,.,.,.,.,.,.,.,.,.,0.2011,0.1402,0.2064,0.1689,0.4183,0.2161,0.2088,0.2163,1,12.3,1,chr8,22989954,.,G,A,12.3,.,"DP=1;AF1=1;AC1=2;DP4=0,0,0,1;MQ=42;FQ=-30",GT:PL:GQ,"1/1:42,3,0:5",Lung
chr8,77764207,77764207,G,A,exonic,"ZFHX4",,nonsynonymous SNV,ZFHX4:NM_024721:exon10:c.G5050A:p.A1684T,0.15,0.15,0.14,0.35,0.012,0.074,0.0745,0.1295,0.1829,0.382,0.0373,0.0152,0.0624,0.0613,0.046,0.12,0.011,0.15,.,rs28432935,COSM3982601;COSM3982602,1(breast);2(haematopoietic_and_lymphoid_tissue),.,.,.,.,.,.,.,.,.,.,.,1,0.01,T,0,0.026,B,0,0.013,B,0.073,0.214,N,1,0.09,P,0.205,0.094,N,0.77,0.496,T,1.11,0.012,N,0.023,0.006,-0.964,0.385,T,0,0,T,.,.,.,1.075,0.197,11.08,0.442,0.033,0.047,0.103,N,c,-1.332,-1.228,0.827,0.246,0.638,0.428,0,-1.69,0.077,-0.172,0.098,-0.174,0.105,0.001,0.137,0.978,0.483,2.389,0.041,.,.,.,0.0766,0.1292,0.1675,0.0243,0.3748,0.0381,0.0129,0.0517,0.0636,0.0714,0.1304,0.1396,0.0166,0.3661,0.0341,0.0134,0.0429,1,12.3,1,chr8,77764207,.,G,A,12.3,.,"DP=1;AF1=1;AC1=2;DP4=0,0,1,0;MQ=42;FQ=-30",GT:PL:GQ,"1/1:42,3,0:5",Lung
chr9,102713580,102713580,G,A,intronic,"STX17",,,,0.67,0.76,0.64,0.74,0.68,0.49,0.6735,0.7474,0.642,0.7131,0.7802,0.6863,0.6944,0.5314,0.7,0.74,0.68,0.7,.,rs1997368,.,.,.,.,.,.,.,.,.,.,.,.,.,.,.,.,.,.,.,.,.,.,.,.,.,.,.,.,.,.,.,.,.,.,.,.,.,.,.,.,.,.,.,.,.,.,.,.,.,.,.,.,.,.,.,.,.,.,.,.,.,.,.,.,.,.,.,.,.,.,.,.,.,.,.,.,.,.,.,0.6696,0.7452,0.6363,0.6011,0.7114,0.7847,0.6847,0.6705,0.5292,0.7191,0.7487,0.6679,0.5833,0.6979,0.7883,0.6949,0.6998,1,52.8,2,chr9,102713580,.,G,A,52.8,.,"DP=2;VDB=4.960000e-02;AF1=1;AC1=2;DP4=0,0,1,1;MQ=42;FQ=-33",GT:PL:GQ,"1/1:84,6,0:10",Lung
chr9,102713591,102713591,T,C,intronic,"STX17",,,,0.45,0.45,0.41,0.72,0.32,0.35,0.3936,0.4164,0.4966,0.7074,0.4763,0.3309,0.4137,0.3605,0.36,0.42,0.33,0.46,.,rs3739794,.,.,.,.,.,.,.,.,.,.,.,.,.,.,.,.,.,.,.,.,.,.,.,.,.,.,.,.,.,.,.,.,.,.,.,.,.,.,.,.,.,.,.,.,.,.,.,.,.,.,.,.,.,.,.,.,.,.,.,.,.,.,.,.,.,.,.,.,.,.,.,.,.,.,.,.,.,.,.,0.396,0.4221,0.4742,0.2402,0.7062,0.4887,0.3278,0.3718,0.3546,0.4035,0.4144,0.4678,0.1846,0.6948,0.4966,0.3458,0.3852,1,52.8,2,chr9,102713591,.,T,C,52.8,.,"DP=2;VDB=5.600000e-02;AF1=1;AC1=2;DP4=0,0,1,1;MQ=42;FQ=-33",GT:PL:GQ,"1/1:84,6,0:10",Lung
